<?xml version="1.0" encoding="UTF-8"?>
<metadata xml:lang="en"><Esri><CreaDate>20201014</CreaDate><CreaTime>22234100</CreaTime><SyncOnce>FALSE</SyncOnce><SyncDate>20120203</SyncDate><SyncTime>10445600</SyncTime><ModDate>20120203</ModDate><ModTime>10445600</ModTime><DataProperties><lineage><Process Name="Select Layer By Attribute" ToolSource="C:\Program Files\ArcGIS\ArcToolbox\Toolboxes\Data Management Tools.tbx\SelectLayerByAttribute" Date="20100318" Time="110507">SelectLayerByAttribute I:\GISStaff\Bernie\modelB\parcel_layer NEW_SELECTION "MUNICODE = 99" I:\GISStaff\Bernie\modelB\parcel_layer</Process><Process Name="Select Layer By Attribute" ToolSource="C:\Program Files\ArcGIS\ArcToolbox\Toolboxes\Data Management Tools.tbx\SelectLayerByAttribute" Date="20100318" Time="111248">SelectLayerByAttribute I:\GISStaff\Bernie\modelB\parcel_layer NEW_SELECTION "MUNICODE = 101" I:\GISStaff\Bernie\modelB\parcel_layer</Process><Process Name="Select Layer By Attribute" ToolSource="C:\Program Files\ArcGIS\ArcToolbox\Toolboxes\Data Management Tools.tbx\SelectLayerByAttribute" Date="20100318" Time="111528">SelectLayerByAttribute I:\GISStaff\Bernie\modelB\parcel_layer NEW_SELECTION "MUNICODE = 101" I:\GISStaff\Bernie\modelB\parcel_layer</Process><Process Name="Select Layer By Attribute" ToolSource="C:\Program Files\ArcGIS\ArcToolbox\Toolboxes\Data Management Tools.tbx\SelectLayerByAttribute" Date="20100318" Time="112550">SelectLayerByAttribute I:\GISStaff\Bernie\modelB\parcel_layer NEW_SELECTION "MUNICODE = 805" I:\GISStaff\Bernie\modelB\parcel_layer</Process><Process Name="Select Layer By Attribute" ToolSource="C:\Program Files\ArcGIS\ArcToolbox\Toolboxes\Data Management Tools.tbx\SelectLayerByAttribute" Date="20100318" Time="115148">SelectLayerByAttribute I:\GISStaff\Bernie\modelB\parcel_layer NEW_SELECTION "MUNICODE = 805" I:\GISStaff\Bernie\modelB\parcel_layer</Process><Process Name="Select Layer By Attribute" ToolSource="C:\Program Files\ArcGIS\ArcToolbox\Toolboxes\Data Management Tools.tbx\SelectLayerByAttribute" Date="20100318" Time="115410">SelectLayerByAttribute I:\GISStaff\Bernie\modelB\parcel_layer NEW_SELECTION "MUNICODE = 101" I:\GISStaff\Bernie\modelB\parcel_layer</Process><Process Name="Select Layer By Attribute" ToolSource="C:\Program Files\ArcGIS\ArcToolbox\Toolboxes\Data Management Tools.tbx\SelectLayerByAttribute" Date="20100318" Time="115915">SelectLayerByAttribute I:\GISStaff\Bernie\modelB\parcel_layer NEW_SELECTION "MUNICODE = 805" I:\GISStaff\Bernie\modelB\parcel_layer</Process><Process Name="Select Layer By Attribute" ToolSource="C:\Program Files\ArcGIS\ArcToolbox\Toolboxes\Data Management Tools.tbx\SelectLayerByAttribute" Date="20100318" Time="132347">SelectLayerByAttribute I:\GISStaff\Bernie\modelB\parcel_layer NEW_SELECTION "MUNICODE = 805" I:\GISStaff\Bernie\modelB\parcel_layer</Process><Process Name="Select Layer By Attribute" ToolSource="C:\Program Files\ArcGIS\ArcToolbox\Toolboxes\Data Management Tools.tbx\SelectLayerByAttribute" Date="20100318" Time="133935">SelectLayerByAttribute I:\GISStaff\Bernie\modelB\parcel_layer NEW_SELECTION "MUNICODE = 805" I:\GISStaff\Bernie\modelB\parcel_layer</Process><Process Name="Select Layer By Attribute" ToolSource="C:\Program Files\ArcGIS\ArcToolbox\Toolboxes\Data Management Tools.tbx\SelectLayerByAttribute" Date="20100318" Time="134853">SelectLayerByAttribute I:\GISStaff\Bernie\modelB\parcel_layer NEW_SELECTION "MUNICODE = 805" I:\GISStaff\Bernie\modelB\parcel_layer</Process><Process Name="Select Layer By Attribute" ToolSource="C:\Program Files\ArcGIS\ArcToolbox\Toolboxes\Data Management Tools.tbx\SelectLayerByAttribute" Date="20100318" Time="135830">SelectLayerByAttribute I:\GISStaff\Bernie\modelB\parcel_layer NEW_SELECTION "MUNICODE = 805" I:\GISStaff\Bernie\modelB\parcel_layer</Process><Process Name="Select Layer By Attribute" ToolSource="C:\Program Files\ArcGIS\ArcToolbox\Toolboxes\Data Management Tools.tbx\SelectLayerByAttribute" Date="20100318" Time="142513">SelectLayerByAttribute I:\GISStaff\Bernie\modelB\parcel_layer NEW_SELECTION "MUNICODE = 805" I:\GISStaff\Bernie\modelB\parcel_layer</Process><Process Name="Select Layer By Attribute" ToolSource="C:\Program Files\ArcGIS\ArcToolbox\Toolboxes\Data Management Tools.tbx\SelectLayerByAttribute" Date="20100318" Time="144915">SelectLayerByAttribute I:\GISStaff\Bernie\modelB\parcel_layer NEW_SELECTION "MUNICODE = 805" I:\GISStaff\Bernie\modelB\parcel_layer</Process><Process Name="Select Layer By Attribute" ToolSource="C:\Program Files\ArcGIS\ArcToolbox\Toolboxes\Data Management Tools.tbx\SelectLayerByAttribute" Date="20100318" Time="145743">SelectLayerByAttribute I:\GISStaff\Bernie\modelB\parcel_layer NEW_SELECTION "MUNICODE = 805" I:\GISStaff\Bernie\modelB\parcel_layer</Process><Process ToolSource="C:\Program Files\ArcGIS\Desktop10.0\ArcToolbox\Toolboxes\Conversion Tools.tbx\FeatureClassToFeatureClass" Date="20120203" Time="094830">FeatureClassToFeatureClass D:\PghParcels.shp V:\GIS-ADMIN\Workspaces\Reinhold\Parcels_02_2012.mdb PGHParcels # "PIN "PIN" true true false 20 Text 0 0 ,First,#,D:\PghParcels.shp,PIN,-1,-1;MAPBLOCKLO "MAPBLOCKLO" true true false 20 Text 0 0 ,First,#,D:\PghParcels.shp,MAPBLOCKLO,-1,-1;MUNICODE "MUNICODE" true true false 10 Double 0 10 ,First,#,D:\PghParcels.shp,MUNICODE,-1,-1;CALCACREAG "CALCACREAG" true true false 19 Double 8 18 ,First,#,D:\PghParcels.shp,CALCACREAG,-1,-1;NOTES "NOTES" true true false 50 Text 0 0 ,First,#,D:\PghParcels.shp,NOTES,-1,-1;PSEUDONO "PSEUDONO" true true false 20 Text 0 0 ,First,#,D:\PghParcels.shp,PSEUDONO,-1,-1;PROPERTYOW "PROPERTYOW" true true false 254 Text 0 0 ,First,#,D:\PghParcels.shp,PROPERTYOW,-1,-1;PROPERTYAD "PROPERTYAD" true true false 2 Text 0 0 ,First,#,D:\PghParcels.shp,PROPERTYAD,-1,-1;PROPERTYHO "PROPERTYHO" true true false 10 Text 0 0 ,First,#,D:\PghParcels.shp,PROPERTYHO,-1,-1;PROPERTY_1 "PROPERTY_1" true true false 80 Text 0 0 ,First,#,D:\PghParcels.shp,PROPERTY_1,-1,-1;PROPERTYUN "PROPERTYUN" true true false 50 Text 0 0 ,First,#,D:\PghParcels.shp,PROPERTYUN,-1,-1;PROPERTYLO "PROPERTYLO" true true false 40 Text 0 0 ,First,#,D:\PghParcels.shp,PROPERTYLO,-1,-1;PROPERTYCI "PROPERTYCI" true true false 50 Text 0 0 ,First,#,D:\PghParcels.shp,PROPERTYCI,-1,-1;PROPERTYZI "PROPERTYZI" true true false 10 Text 0 0 ,First,#,D:\PghParcels.shp,PROPERTYZI,-1,-1;LEGALDESC "LEGALDESC" true true false 60 Text 0 0 ,First,#,D:\PghParcels.shp,LEGALDESC,-1,-1;LEGALDESC1 "LEGALDESC1" true true false 60 Text 0 0 ,First,#,D:\PghParcels.shp,LEGALDESC1,-1,-1;LEGALDESC2 "LEGALDESC2" true true false 60 Text 0 0 ,First,#,D:\PghParcels.shp,LEGALDESC2,-1,-1;FAIRMARKET "FAIRMARKET" true true false 19 Double 4 18 ,First,#,D:\PghParcels.shp,FAIRMARKET,-1,-1;FAIRMARK_1 "FAIRMARK_1" true true false 19 Double 4 18 ,First,#,D:\PghParcels.shp,FAIRMARK_1,-1,-1;FAIRMARK_2 "FAIRMARK_2" true true false 19 Double 4 18 ,First,#,D:\PghParcels.shp,FAIRMARK_2,-1,-1;COUNTYLAND "COUNTYLAND" true true false 19 Double 4 18 ,First,#,D:\PghParcels.shp,COUNTYLAND,-1,-1;COUNTYBUIL "COUNTYBUIL" true true false 19 Double 4 18 ,First,#,D:\PghParcels.shp,COUNTYBUIL,-1,-1;EXEMPTAMOU "EXEMPTAMOU" true true false 19 Double 4 18 ,First,#,D:\PghParcels.shp,EXEMPTAMOU,-1,-1;PRIORMARKE "PRIORMARKE" true true false 19 Double 4 18 ,First,#,D:\PghParcels.shp,PRIORMARKE,-1,-1;MUNDESC "MUNDESC" true true false 50 Text 0 0 ,First,#,D:\PghParcels.shp,MUNDESC,-1,-1;SCHOOLCODE "SCHOOLCODE" true true false 5 Text 0 0 ,First,#,D:\PghParcels.shp,SCHOOLCODE,-1,-1;SCHOOLDESC "SCHOOLDESC" true true false 50 Text 0 0 ,First,#,D:\PghParcels.shp,SCHOOLDESC,-1,-1;NEIGHCODE "NEIGHCODE" true true false 8 Text 0 0 ,First,#,D:\PghParcels.shp,NEIGHCODE,-1,-1;TAXCODE "TAXCODE" true true false 1 Text 0 0 ,First,#,D:\PghParcels.shp,TAXCODE,-1,-1;TAXDESC "TAXDESC" true true false 50 Text 0 0 ,First,#,D:\PghParcels.shp,TAXDESC,-1,-1;OWNERCODE "OWNERCODE" true true false 3 Text 0 0 ,First,#,D:\PghParcels.shp,OWNERCODE,-1,-1;OWNERDESC "OWNERDESC" true true false 50 Text 0 0 ,First,#,D:\PghParcels.shp,OWNERDESC,-1,-1;STATECODE "STATECODE" true true false 2 Text 0 0 ,First,#,D:\PghParcels.shp,STATECODE,-1,-1;STATEDESC "STATEDESC" true true false 50 Text 0 0 ,First,#,D:\PghParcels.shp,STATEDESC,-1,-1;USECODE "USECODE" true true false 4 Text 0 0 ,First,#,D:\PghParcels.shp,USECODE,-1,-1;USEDESC "USEDESC" true true false 50 Text 0 0 ,First,#,D:\PghParcels.shp,USEDESC,-1,-1;CHANGENOTI "CHANGENOTI" true true false 80 Text 0 0 ,First,#,D:\PghParcels.shp,CHANGENOTI,-1,-1;CHANGENO_1 "CHANGENO_1" true true false 80 Text 0 0 ,First,#,D:\PghParcels.shp,CHANGENO_1,-1,-1;CHANGENO_2 "CHANGENO_2" true true false 80 Text 0 0 ,First,#,D:\PghParcels.shp,CHANGENO_2,-1,-1;CHANGENO_3 "CHANGENO_3" true true false 80 Text 0 0 ,First,#,D:\PghParcels.shp,CHANGENO_3,-1,-1;AGENTNAME "AGENTNAME" true true false 80 Text 0 0 ,First,#,D:\PghParcels.shp,AGENTNAME,-1,-1;SERVICECOD "SERVICECOD" true true false 20 Text 0 0 ,First,#,D:\PghParcels.shp,SERVICECOD,-1,-1;TAXBILLFUL "TAXBILLFUL" true true false 80 Text 0 0 ,First,#,D:\PghParcels.shp,TAXBILLFUL,-1,-1;TAXBILLF_1 "TAXBILLF_1" true true false 80 Text 0 0 ,First,#,D:\PghParcels.shp,TAXBILLF_1,-1,-1;TAXBILLF_2 "TAXBILLF_2" true true false 80 Text 0 0 ,First,#,D:\PghParcels.shp,TAXBILLF_2,-1,-1;TAXBILLF_3 "TAXBILLF_3" true true false 80 Text 0 0 ,First,#,D:\PghParcels.shp,TAXBILLF_3,-1,-1;SALEDATE "SALEDATE" true true false 8 Date 0 0 ,First,#,D:\PghParcels.shp,SALEDATE,-1,-1;SALEPRICE "SALEPRICE" true true false 19 Double 4 18 ,First,#,D:\PghParcels.shp,SALEPRICE,-1,-1;DEEDBOOK "DEEDBOOK" true true false 8 Text 0 0 ,First,#,D:\PghParcels.shp,DEEDBOOK,-1,-1;DEEDPAGE "DEEDPAGE" true true false 8 Text 0 0 ,First,#,D:\PghParcels.shp,DEEDPAGE,-1,-1;SALECODE "SALECODE" true true false 2 Text 0 0 ,First,#,D:\PghParcels.shp,SALECODE,-1,-1;SALEDESC "SALEDESC" true true false 50 Text 0 0 ,First,#,D:\PghParcels.shp,SALEDESC,-1,-1;HOMESTEADF "HOMESTEADF" true true false 6 Text 0 0 ,First,#,D:\PghParcels.shp,HOMESTEADF,-1,-1;FARMSTEADF "FARMSTEADF" true true false 6 Text 0 0 ,First,#,D:\PghParcels.shp,FARMSTEADF,-1,-1;MULTIPLEAB "MULTIPLEAB" true true false 1 Text 0 0 ,First,#,D:\PghParcels.shp,MULTIPLEAB,-1,-1;ACT77INDIC "ACT77INDIC" true true false 1 Text 0 0 ,First,#,D:\PghParcels.shp,ACT77INDIC,-1,-1;LOCALEXEMP "LOCALEXEMP" true true false 19 Double 4 18 ,First,#,D:\PghParcels.shp,LOCALEXEMP,-1,-1;LANDTYPE "LANDTYPE" true true false 1 Text 0 0 ,First,#,D:\PghParcels.shp,LANDTYPE,-1,-1;LOTAREA "LOTAREA" true true false 19 Double 4 18 ,First,#,D:\PghParcels.shp,LOTAREA,-1,-1;SHAPE_area "SHAPE_area" true true false 19 Double 0 0 ,First,#,D:\PghParcels.shp,SHAPE_area,-1,-1;SHAPE_len "SHAPE_len" true true false 19 Double 0 0 ,First,#,D:\PghParcels.shp,SHAPE_len,-1,-1;SHAPE_fid "SHAPE_fid" true true false 9 Long 0 9 ,First,#,D:\PghParcels.shp,SHAPE_fid,-1,-1" #</Process><Process ToolSource="C:\Program Files\ArcGIS\Desktop10.0\ArcToolbox\Toolboxes\Conversion Tools.tbx\FeatureClassToFeatureClass" Date="20120203" Time="104551">FeatureClassToFeatureClass C:\DownloadMail\Export_Output.shp "V:\GIS-ADMIN\Current Data\Current_Data.gdb" Parcels # "OBJECTID "OBJECTID" true true false 9 Long 0 9 ,First,#,C:\DownloadMail\Export_Output.shp,OBJECTID,-1,-1;PIN "PIN" true true false 20 Text 0 0 ,First,#,C:\DownloadMail\Export_Output.shp,PIN,-1,-1;MAPBLOCKLO "MAPBLOCKLO" true true false 20 Text 0 0 ,First,#,C:\DownloadMail\Export_Output.shp,MAPBLOCKLO,-1,-1;MUNICODE "MUNICODE" true true false 19 Double 0 0 ,First,#,C:\DownloadMail\Export_Output.shp,MUNICODE,-1,-1;CALCACREAG "CALCACREAG" true true false 19 Double 0 0 ,First,#,C:\DownloadMail\Export_Output.shp,CALCACREAG,-1,-1;NOTES "NOTES" true true false 50 Text 0 0 ,First,#,C:\DownloadMail\Export_Output.shp,NOTES,-1,-1;PSEUDONO "PSEUDONO" true true false 20 Text 0 0 ,First,#,C:\DownloadMail\Export_Output.shp,PSEUDONO,-1,-1;PROPERTYOW "PROPERTYOW" true true false 254 Text 0 0 ,First,#,C:\DownloadMail\Export_Output.shp,PROPERTYOW,-1,-1;PROPERTYAD "PROPERTYAD" true true false 2 Text 0 0 ,First,#,C:\DownloadMail\Export_Output.shp,PROPERTYAD,-1,-1;PROPERTYHO "PROPERTYHO" true true false 10 Text 0 0 ,First,#,C:\DownloadMail\Export_Output.shp,PROPERTYHO,-1,-1;PROPERTY_1 "PROPERTY_1" true true false 80 Text 0 0 ,First,#,C:\DownloadMail\Export_Output.shp,PROPERTY_1,-1,-1;PROPERTYUN "PROPERTYUN" true true false 50 Text 0 0 ,First,#,C:\DownloadMail\Export_Output.shp,PROPERTYUN,-1,-1;PROPERTYLO "PROPERTYLO" true true false 40 Text 0 0 ,First,#,C:\DownloadMail\Export_Output.shp,PROPERTYLO,-1,-1;PROPERTYCI "PROPERTYCI" true true false 50 Text 0 0 ,First,#,C:\DownloadMail\Export_Output.shp,PROPERTYCI,-1,-1;PROPERTYZI "PROPERTYZI" true true false 10 Text 0 0 ,First,#,C:\DownloadMail\Export_Output.shp,PROPERTYZI,-1,-1;LEGALDESC "LEGALDESC" true true false 60 Text 0 0 ,First,#,C:\DownloadMail\Export_Output.shp,LEGALDESC,-1,-1;LEGALDESC1 "LEGALDESC1" true true false 60 Text 0 0 ,First,#,C:\DownloadMail\Export_Output.shp,LEGALDESC1,-1,-1;LEGALDESC2 "LEGALDESC2" true true false 60 Text 0 0 ,First,#,C:\DownloadMail\Export_Output.shp,LEGALDESC2,-1,-1;FAIRMARKET "FAIRMARKET" true true false 19 Double 0 0 ,First,#,C:\DownloadMail\Export_Output.shp,FAIRMARKET,-1,-1;FAIRMARK_1 "FAIRMARK_1" true true false 19 Double 0 0 ,First,#,C:\DownloadMail\Export_Output.shp,FAIRMARK_1,-1,-1;FAIRMARK_2 "FAIRMARK_2" true true false 19 Double 0 0 ,First,#,C:\DownloadMail\Export_Output.shp,FAIRMARK_2,-1,-1;COUNTYLAND "COUNTYLAND" true true false 19 Double 0 0 ,First,#,C:\DownloadMail\Export_Output.shp,COUNTYLAND,-1,-1;COUNTYBUIL "COUNTYBUIL" true true false 19 Double 0 0 ,First,#,C:\DownloadMail\Export_Output.shp,COUNTYBUIL,-1,-1;EXEMPTAMOU "EXEMPTAMOU" true true false 19 Double 0 0 ,First,#,C:\DownloadMail\Export_Output.shp,EXEMPTAMOU,-1,-1;PRIORMARKE "PRIORMARKE" true true false 19 Double 0 0 ,First,#,C:\DownloadMail\Export_Output.shp,PRIORMARKE,-1,-1;MUNDESC "MUNDESC" true true false 50 Text 0 0 ,First,#,C:\DownloadMail\Export_Output.shp,MUNDESC,-1,-1;SCHOOLCODE "SCHOOLCODE" true true false 5 Text 0 0 ,First,#,C:\DownloadMail\Export_Output.shp,SCHOOLCODE,-1,-1;SCHOOLDESC "SCHOOLDESC" true true false 50 Text 0 0 ,First,#,C:\DownloadMail\Export_Output.shp,SCHOOLDESC,-1,-1;NEIGHCODE "NEIGHCODE" true true false 8 Text 0 0 ,First,#,C:\DownloadMail\Export_Output.shp,NEIGHCODE,-1,-1;TAXCODE "TAXCODE" true true false 1 Text 0 0 ,First,#,C:\DownloadMail\Export_Output.shp,TAXCODE,-1,-1;TAXDESC "TAXDESC" true true false 50 Text 0 0 ,First,#,C:\DownloadMail\Export_Output.shp,TAXDESC,-1,-1;OWNERCODE "OWNERCODE" true true false 3 Text 0 0 ,First,#,C:\DownloadMail\Export_Output.shp,OWNERCODE,-1,-1;OWNERDESC "OWNERDESC" true true false 50 Text 0 0 ,First,#,C:\DownloadMail\Export_Output.shp,OWNERDESC,-1,-1;STATECODE "STATECODE" true true false 2 Text 0 0 ,First,#,C:\DownloadMail\Export_Output.shp,STATECODE,-1,-1;STATEDESC "STATEDESC" true true false 50 Text 0 0 ,First,#,C:\DownloadMail\Export_Output.shp,STATEDESC,-1,-1;USECODE "USECODE" true true false 4 Text 0 0 ,First,#,C:\DownloadMail\Export_Output.shp,USECODE,-1,-1;USEDESC "USEDESC" true true false 50 Text 0 0 ,First,#,C:\DownloadMail\Export_Output.shp,USEDESC,-1,-1;CHANGENOTI "CHANGENOTI" true true false 80 Text 0 0 ,First,#,C:\DownloadMail\Export_Output.shp,CHANGENOTI,-1,-1;CHANGENO_1 "CHANGENO_1" true true false 80 Text 0 0 ,First,#,C:\DownloadMail\Export_Output.shp,CHANGENO_1,-1,-1;CHANGENO_2 "CHANGENO_2" true true false 80 Text 0 0 ,First,#,C:\DownloadMail\Export_Output.shp,CHANGENO_2,-1,-1;CHANGENO_3 "CHANGENO_3" true true false 80 Text 0 0 ,First,#,C:\DownloadMail\Export_Output.shp,CHANGENO_3,-1,-1;AGENTNAME "AGENTNAME" true true false 80 Text 0 0 ,First,#,C:\DownloadMail\Export_Output.shp,AGENTNAME,-1,-1;SERVICECOD "SERVICECOD" true true false 20 Text 0 0 ,First,#,C:\DownloadMail\Export_Output.shp,SERVICECOD,-1,-1;TAXBILLFUL "TAXBILLFUL" true true false 80 Text 0 0 ,First,#,C:\DownloadMail\Export_Output.shp,TAXBILLFUL,-1,-1;TAXBILLF_1 "TAXBILLF_1" true true false 80 Text 0 0 ,First,#,C:\DownloadMail\Export_Output.shp,TAXBILLF_1,-1,-1;TAXBILLF_2 "TAXBILLF_2" true true false 80 Text 0 0 ,First,#,C:\DownloadMail\Export_Output.shp,TAXBILLF_2,-1,-1;TAXBILLF_3 "TAXBILLF_3" true true false 80 Text 0 0 ,First,#,C:\DownloadMail\Export_Output.shp,TAXBILLF_3,-1,-1;SALEDATE "SALEDATE" true true false 8 Date 0 0 ,First,#,C:\DownloadMail\Export_Output.shp,SALEDATE,-1,-1;SALEPRICE "SALEPRICE" true true false 19 Double 0 0 ,First,#,C:\DownloadMail\Export_Output.shp,SALEPRICE,-1,-1;DEEDBOOK "DEEDBOOK" true true false 8 Text 0 0 ,First,#,C:\DownloadMail\Export_Output.shp,DEEDBOOK,-1,-1;DEEDPAGE "DEEDPAGE" true true false 8 Text 0 0 ,First,#,C:\DownloadMail\Export_Output.shp,DEEDPAGE,-1,-1;SALECODE "SALECODE" true true false 2 Text 0 0 ,First,#,C:\DownloadMail\Export_Output.shp,SALECODE,-1,-1;SALEDESC "SALEDESC" true true false 50 Text 0 0 ,First,#,C:\DownloadMail\Export_Output.shp,SALEDESC,-1,-1;HOMESTEADF "HOMESTEADF" true true false 6 Text 0 0 ,First,#,C:\DownloadMail\Export_Output.shp,HOMESTEADF,-1,-1;FARMSTEADF "FARMSTEADF" true true false 6 Text 0 0 ,First,#,C:\DownloadMail\Export_Output.shp,FARMSTEADF,-1,-1;MULTIPLEAB "MULTIPLEAB" true true false 1 Text 0 0 ,First,#,C:\DownloadMail\Export_Output.shp,MULTIPLEAB,-1,-1;ACT77INDIC "ACT77INDIC" true true false 1 Text 0 0 ,First,#,C:\DownloadMail\Export_Output.shp,ACT77INDIC,-1,-1;LOCALEXEMP "LOCALEXEMP" true true false 19 Double 0 0 ,First,#,C:\DownloadMail\Export_Output.shp,LOCALEXEMP,-1,-1;LANDTYPE "LANDTYPE" true true false 1 Text 0 0 ,First,#,C:\DownloadMail\Export_Output.shp,LANDTYPE,-1,-1;LOTAREA "LOTAREA" true true false 19 Double 0 0 ,First,#,C:\DownloadMail\Export_Output.shp,LOTAREA,-1,-1;SHAPE_fid "SHAPE_fid" true true false 9 Long 0 9 ,First,#,C:\DownloadMail\Export_Output.shp,SHAPE_fid,-1,-1;Shape_Leng "Shape_Leng" true true false 19 Double 0 0 ,First,#,C:\DownloadMail\Export_Output.shp,Shape_Leng,-1,-1;Shape_Area "Shape_Area" true true false 19 Double 0 0 ,First,#,C:\DownloadMail\Export_Output.shp,Shape_Area,-1,-1" #</Process></lineage><itemProps><itemName Sync="TRUE">Parcels</itemName><imsContentType Sync="TRUE">002</imsContentType><itemLocation><linkage Sync="TRUE">file://\\WIN-VNIBNINVUFO\C$\EsriPress\GIST1\Data\Pittsburgh\CBD.gdb</linkage><protocol Sync="TRUE">Local Area Network</protocol></itemLocation></itemProps><coordRef><type Sync="TRUE">Projected</type><geogcsn Sync="TRUE">GCS_North_American_1983</geogcsn><csUnits Sync="TRUE">Linear Unit: Foot_US (0.304801)</csUnits><projcsn Sync="TRUE">NAD_1983_StatePlane_Pennsylvania_South_FIPS_3702_Feet</projcsn><peXml Sync="TRUE">&lt;ProjectedCoordinateSystem xsi:type='typens:ProjectedCoordinateSystem' xmlns:xsi='http://www.w3.org/2001/XMLSchema-instance' xmlns:xs='http://www.w3.org/2001/XMLSchema' xmlns:typens='http://www.esri.com/schemas/ArcGIS/10.0'&gt;&lt;WKT&gt;PROJCS[&amp;quot;NAD_1983_StatePlane_Pennsylvania_South_FIPS_3702_Feet&amp;quot;,GEOGCS[&amp;quot;GCS_North_American_1983&amp;quot;,DATUM[&amp;quot;D_North_American_1983&amp;quot;,SPHEROID[&amp;quot;GRS_1980&amp;quot;,6378137.0,298.257222101]],PRIMEM[&amp;quot;Greenwich&amp;quot;,0.0],UNIT[&amp;quot;Degree&amp;quot;,0.0174532925199433]],PROJECTION[&amp;quot;Lambert_Conformal_Conic&amp;quot;],PARAMETER[&amp;quot;False_Easting&amp;quot;,1968500.0],PARAMETER[&amp;quot;False_Northing&amp;quot;,0.0],PARAMETER[&amp;quot;Central_Meridian&amp;quot;,-77.75],PARAMETER[&amp;quot;Standard_Parallel_1&amp;quot;,39.93333333333333],PARAMETER[&amp;quot;Standard_Parallel_2&amp;quot;,40.96666666666667],PARAMETER[&amp;quot;Latitude_Of_Origin&amp;quot;,39.33333333333334],UNIT[&amp;quot;Foot_US&amp;quot;,0.3048006096012192],AUTHORITY[&amp;quot;EPSG&amp;quot;,2272]]&lt;/WKT&gt;&lt;XOrigin&gt;-119214200&lt;/XOrigin&gt;&lt;YOrigin&gt;-96198500&lt;/YOrigin&gt;&lt;XYScale&gt;3048.0060960121914&lt;/XYScale&gt;&lt;ZOrigin&gt;-100000&lt;/ZOrigin&gt;&lt;ZScale&gt;10000&lt;/ZScale&gt;&lt;MOrigin&gt;-100000&lt;/MOrigin&gt;&lt;MScale&gt;10000&lt;/MScale&gt;&lt;XYTolerance&gt;0.0032808333333333335&lt;/XYTolerance&gt;&lt;ZTolerance&gt;0.001&lt;/ZTolerance&gt;&lt;MTolerance&gt;0.001&lt;/MTolerance&gt;&lt;HighPrecision&gt;true&lt;/HighPrecision&gt;&lt;WKID&gt;2272&lt;/WKID&gt;&lt;/ProjectedCoordinateSystem&gt;</peXml></coordRef></DataProperties><ArcGISFormat>1.0</ArcGISFormat><ArcGISstyle>ISO 19139 Metadata Implementation Specification</ArcGISstyle></Esri><idinfo><native Sync="TRUE">Microsoft Windows XP Version 5.1 (Build 2600) Service Pack 3; ESRI ArcCatalog 9.3.1.1850</native><descript><langdata Sync="TRUE">en</langdata><abstract>REQUIRED: A brief narrative summary of the data set.</abstract><purpose>REQUIRED: A summary of the intentions with which the data set was developed.</purpose></descript><citation><citeinfo><origin>REQUIRED: The name of an organization or individual that developed the data set.</origin><pubdate>REQUIRED: The date when the data set is published or otherwise made available for release.</pubdate><title Sync="TRUE">ASSESS.ASSESS_ADMIN.GEN_SPATIAL</title><ftname Sync="TRUE">ASSESS.ASSESS_ADMIN.GEN_SPATIAL</ftname><geoform Sync="TRUE">vector digital data</geoform><onlink Sync="TRUE"></onlink></citeinfo></citation><timeperd><current>REQUIRED: The basis on which the time period of content information is determined.</current><timeinfo><sngdate><caldate>REQUIRED: The year (and optionally month, or month and day) for which the data set corresponds to the ground.</caldate></sngdate></timeinfo></timeperd><status><progress>REQUIRED: The state of the data set.</progress><update>REQUIRED: The frequency with which changes and additions are made to the data set after the initial data set is completed.</update></status><spdom><bounding><westbc Sync="TRUE">-80.373742</westbc><eastbc Sync="TRUE">-79.689524</eastbc><northbc Sync="TRUE">40.679157</northbc><southbc Sync="TRUE">40.121793</southbc></bounding><lboundng><leftbc Sync="TRUE">1240746.608743</leftbc><rightbc Sync="TRUE">1426245.250406</rightbc><bottombc Sync="TRUE">297949.574799</bottombc><topbc Sync="TRUE">496274.549319</topbc></lboundng></spdom><keywords><theme><themekt>REQUIRED: Reference to a formally registered thesaurus or a similar authoritative source of theme keywords.</themekt><themekey>REQUIRED: Common-use word or phrase used to describe the subject of the data set.</themekey></theme></keywords><accconst>REQUIRED: Restrictions and legal prerequisites for accessing the data set.</accconst><useconst>REQUIRED: Restrictions and legal prerequisites for using the data set after access is granted.</useconst><natvform Sync="TRUE">SDE Feature Class</natvform></idinfo><dataIdInfo><envirDesc Sync="TRUE">Microsoft Windows XP Version 5.1 (Build 2600) Service Pack 3; ESRI ArcGIS 10.0.3.3600</envirDesc><dataLang><languageCode Sync="TRUE" value="en"></languageCode><countryCode value="US" Sync="TRUE"></countryCode></dataLang><idCitation><resTitle Sync="TRUE">Parcels</resTitle><presForm><PresFormCd Sync="TRUE" value="005"></PresFormCd></presForm></idCitation><spatRpType><SpatRepTypCd Sync="TRUE" value="001"></SpatRepTypCd></spatRpType><dataExt><geoEle><GeoBndBox esriExtentType="native"><westBL Sync="TRUE">1240746.608743</westBL><eastBL Sync="TRUE">1426245.250406</eastBL><northBL Sync="TRUE">496274.549319</northBL><southBL Sync="TRUE">297949.574799</southBL><exTypeCode Sync="TRUE">1</exTypeCode></GeoBndBox></geoEle></dataExt><geoBox esriExtentType="decdegrees"><westBL Sync="TRUE">-80.373742</westBL><eastBL Sync="TRUE">-79.689524</eastBL><northBL Sync="TRUE">40.679157</northBL><southBL Sync="TRUE">40.121793</southBL><exTypeCode Sync="TRUE">1</exTypeCode></geoBox></dataIdInfo><metainfo><langmeta Sync="TRUE">en</langmeta><metstdn Sync="TRUE">FGDC Content Standards for Digital Geospatial Metadata</metstdn><metstdv Sync="TRUE">FGDC-STD-001-1998</metstdv><mettc Sync="TRUE">local time</mettc><metc><cntinfo><cntorgp><cntper>REQUIRED: The person responsible for the metadata information.</cntper><cntorg>REQUIRED: The organization responsible for the metadata information.</cntorg></cntorgp><cntaddr><addrtype>REQUIRED: The mailing and/or physical address for the organization or individual.</addrtype><city>REQUIRED: The city of the address.</city><state>REQUIRED: The state or province of the address.</state><postal>REQUIRED: The ZIP or other postal code of the address.</postal></cntaddr><cntvoice>REQUIRED: The telephone number by which individuals can speak to the organization or individual.</cntvoice></cntinfo></metc><metd Sync="TRUE">20090217</metd></metainfo><mdLang><languageCode Sync="TRUE" value="en"></languageCode><countryCode value="US" Sync="TRUE"></countryCode></mdLang><mdStanName Sync="TRUE">ISO 19115 Geographic Information - Metadata</mdStanName><mdStanVer Sync="TRUE">DIS_ESRI1.0</mdStanVer><mdChar><CharSetCd Sync="TRUE" value="004"></CharSetCd></mdChar><mdHrLv><ScopeCd Sync="TRUE" value="005"></ScopeCd></mdHrLv><mdHrLvName Sync="TRUE">dataset</mdHrLvName><distinfo><resdesc Sync="TRUE">Downloadable Data</resdesc></distinfo><distInfo><distributor><distorTran><onLineSrc><orDesc Sync="TRUE">002</orDesc><linkage Sync="TRUE">file://</linkage><protocol Sync="TRUE">Local Area Network</protocol></onLineSrc></distorTran><distorFormat><formatName Sync="TRUE">SDE Feature Class</formatName></distorFormat></distributor><distFormat><formatName Sync="TRUE">File Geodatabase Feature Class</formatName></distFormat></distInfo><spdoinfo><direct Sync="TRUE">Vector</direct><ptvctinf><esriterm><efeatyp Sync="TRUE">Simple</efeatyp><efeageom code="4" Sync="TRUE"></efeageom><esritopo Sync="TRUE">FALSE</esritopo><efeacnt Sync="TRUE">0</efeacnt><spindex Sync="TRUE">TRUE</spindex><linrefer Sync="TRUE">FALSE</linrefer></esriterm></ptvctinf></spdoinfo><spref><horizsys><cordsysn><geogcsn Sync="TRUE">GCS_North_American_1983</geogcsn><projcsn Sync="TRUE">NAD_1983_StatePlane_Pennsylvania_South_FIPS_3702_Feet</projcsn></cordsysn><planar><planci><plance Sync="TRUE">coordinate pair</plance><plandu Sync="TRUE">survey feet</plandu><coordrep><absres Sync="TRUE">0.000165</absres><ordres Sync="TRUE">0.000165</ordres></coordrep></planci></planar><geodetic><horizdn Sync="TRUE">North American Datum of 1983</horizdn><ellips Sync="TRUE">Geodetic Reference System 80</ellips><semiaxis Sync="TRUE">6378137.000000</semiaxis><denflat Sync="TRUE">298.257222</denflat></geodetic></horizsys><vertdef><altsys><altenc Sync="TRUE">Explicit elevation coordinate included with horizontal coordinates</altenc><altres Sync="TRUE">1.000000</altres></altsys></vertdef></spref><refSysInfo><RefSystem><refSysID><identCode Sync="TRUE" value="2272">NAD_1983_StatePlane_Pennsylvania_South_FIPS_3702_Feet</identCode><idCodeSpace Sync="TRUE">EPSG</idCodeSpace><idVersion Sync="TRUE">7.4.1</idVersion></refSysID></RefSystem></refSysInfo><spatRepInfo><VectSpatRep><geometObjs Name="Parcels"><geoObjTyp><GeoObjTypCd value="002" Sync="TRUE"></GeoObjTypCd></geoObjTyp><geoObjCnt Sync="TRUE">0</geoObjCnt></geometObjs><topLvl><TopoLevCd value="001" Sync="TRUE"></TopoLevCd></topLvl></VectSpatRep></spatRepInfo><eainfo><detailed Name="Parcels"><enttyp><enttypl Sync="TRUE">Parcels</enttypl><enttypt Sync="TRUE">Feature Class</enttypt><enttypc Sync="TRUE">0</enttypc></enttyp><attr><attrlabl Sync="TRUE">OBJECTID_1</attrlabl><attalias Sync="TRUE">OBJECTID_1</attalias><attrtype Sync="TRUE">OID</attrtype><attwidth Sync="TRUE">4</attwidth><atprecis Sync="TRUE">0</atprecis><attscale Sync="TRUE">0</attscale><attrdef Sync="TRUE">Internal feature number.</attrdef><attrdefs Sync="TRUE">ESRI</attrdefs><attrdomv><udom Sync="TRUE">Sequential unique whole numbers that are automatically generated.</udom></attrdomv></attr><attr><attrlabl Sync="TRUE">OBJECTID</attrlabl><attalias Sync="TRUE">OBJECTID</attalias><attrtype Sync="TRUE">Integer</attrtype><attwidth Sync="TRUE">4</attwidth><atprecis Sync="TRUE">0</atprecis><attscale Sync="TRUE">0</attscale><attrdef Sync="TRUE">Internal feature number.</attrdef><attrdefs Sync="TRUE">ESRI</attrdefs><attrdomv><udom Sync="TRUE">Sequential unique whole numbers that are automatically generated.</udom></attrdomv></attr><attr><attrlabl Sync="TRUE">PIN</attrlabl><attalias Sync="TRUE">PIN</attalias><attrtype Sync="TRUE">String</attrtype><attwidth Sync="TRUE">20</attwidth><atprecis Sync="TRUE">0</atprecis><attscale Sync="TRUE">0</attscale></attr><attr><attrlabl Sync="TRUE">MUNICODE</attrlabl><attalias Sync="TRUE">MUNICODE</attalias><attrtype Sync="TRUE">Double</attrtype><attwidth Sync="TRUE">8</attwidth><atprecis Sync="TRUE">0</atprecis><attscale Sync="TRUE">0</attscale></attr><attr><attrlabl Sync="TRUE">MAPBLOCKLO</attrlabl><attalias Sync="TRUE">MAPBLOCKLO</attalias><attrtype Sync="TRUE">String</attrtype><attwidth Sync="TRUE">20</attwidth><atprecis Sync="TRUE">0</atprecis><attscale Sync="TRUE">0</attscale></attr><attr><attrlabl Sync="TRUE">NOTES</attrlabl><attalias Sync="TRUE">NOTES</attalias><attrtype Sync="TRUE">String</attrtype><attwidth Sync="TRUE">50</attwidth><atprecis Sync="TRUE">0</atprecis><attscale Sync="TRUE">0</attscale></attr><attr><attrlabl Sync="TRUE">CALCACREAG</attrlabl><attalias Sync="TRUE">CALCACREAG</attalias><attrtype Sync="TRUE">Double</attrtype><attwidth Sync="TRUE">8</attwidth><atprecis Sync="TRUE">0</atprecis><attscale Sync="TRUE">0</attscale></attr><attr><attrlabl Sync="TRUE">PSEUDONO</attrlabl><attalias Sync="TRUE">PSEUDONO</attalias><attrtype Sync="TRUE">String</attrtype><attwidth Sync="TRUE">20</attwidth><atprecis Sync="TRUE">0</atprecis><attscale Sync="TRUE">0</attscale></attr><attr><attrlabl Sync="TRUE">LEGALDESC</attrlabl><attalias Sync="TRUE">LEGALDESC</attalias><attrtype Sync="TRUE">String</attrtype><attwidth Sync="TRUE">60</attwidth><atprecis Sync="TRUE">0</atprecis><attscale Sync="TRUE">0</attscale></attr><attr><attrlabl Sync="TRUE">PROPERTYOW</attrlabl><attalias Sync="TRUE">PROPERTYOW</attalias><attrtype Sync="TRUE">String</attrtype><attwidth Sync="TRUE">254</attwidth><atprecis Sync="TRUE">0</atprecis><attscale Sync="TRUE">0</attscale></attr><attr><attrlabl Sync="TRUE">PROPERTYAD</attrlabl><attalias Sync="TRUE">PROPERTYAD</attalias><attrtype Sync="TRUE">String</attrtype><attwidth Sync="TRUE">2</attwidth><atprecis Sync="TRUE">0</atprecis><attscale Sync="TRUE">0</attscale></attr><attr><attrlabl Sync="TRUE">PROPERTYHO</attrlabl><attalias Sync="TRUE">PROPERTYHO</attalias><attrtype Sync="TRUE">String</attrtype><attwidth Sync="TRUE">10</attwidth><atprecis Sync="TRUE">0</atprecis><attscale Sync="TRUE">0</attscale></attr><attr><attrlabl Sync="TRUE">PROPERTY_1</attrlabl><attalias Sync="TRUE">PROPERTY_1</attalias><attrtype Sync="TRUE">String</attrtype><attwidth Sync="TRUE">80</attwidth><atprecis Sync="TRUE">0</atprecis><attscale Sync="TRUE">0</attscale></attr><attr><attrlabl Sync="TRUE">PROPERTYUN</attrlabl><attalias Sync="TRUE">PROPERTYUN</attalias><attrtype Sync="TRUE">String</attrtype><attwidth Sync="TRUE">50</attwidth><atprecis Sync="TRUE">0</atprecis><attscale Sync="TRUE">0</attscale></attr><attr><attrlabl Sync="TRUE">PROPERTYLO</attrlabl><attalias Sync="TRUE">PROPERTYLO</attalias><attrtype Sync="TRUE">String</attrtype><attwidth Sync="TRUE">40</attwidth><atprecis Sync="TRUE">0</atprecis><attscale Sync="TRUE">0</attscale></attr><attr><attrlabl Sync="TRUE">PROPERTYCI</attrlabl><attalias Sync="TRUE">PROPERTYCI</attalias><attrtype Sync="TRUE">String</attrtype><attwidth Sync="TRUE">50</attwidth><atprecis Sync="TRUE">0</atprecis><attscale Sync="TRUE">0</attscale></attr><attr><attrlabl Sync="TRUE">PROPERTYZI</attrlabl><attalias Sync="TRUE">PROPERTYZI</attalias><attrtype Sync="TRUE">String</attrtype><attwidth Sync="TRUE">10</attwidth><atprecis Sync="TRUE">0</atprecis><attscale Sync="TRUE">0</attscale></attr><attr><attrlabl Sync="TRUE">LEGALDESC1</attrlabl><attalias Sync="TRUE">LEGALDESC1</attalias><attrtype Sync="TRUE">String</attrtype><attwidth Sync="TRUE">60</attwidth><atprecis Sync="TRUE">0</atprecis><attscale Sync="TRUE">0</attscale></attr><attr><attrlabl Sync="TRUE">LEGALDESC2</attrlabl><attalias Sync="TRUE">LEGALDESC2</attalias><attrtype Sync="TRUE">String</attrtype><attwidth Sync="TRUE">60</attwidth><atprecis Sync="TRUE">0</atprecis><attscale Sync="TRUE">0</attscale></attr><attr><attrlabl Sync="TRUE">COUNTYLAND</attrlabl><attalias Sync="TRUE">COUNTYLAND</attalias><attrtype Sync="TRUE">Double</attrtype><attwidth Sync="TRUE">8</attwidth><atprecis Sync="TRUE">0</atprecis><attscale Sync="TRUE">0</attscale></attr><attr><attrlabl Sync="TRUE">FAIRMARKET</attrlabl><attalias Sync="TRUE">FAIRMARKET</attalias><attrtype Sync="TRUE">Double</attrtype><attwidth Sync="TRUE">8</attwidth><atprecis Sync="TRUE">0</atprecis><attscale Sync="TRUE">0</attscale></attr><attr><attrlabl Sync="TRUE">FAIRMARK_1</attrlabl><attalias Sync="TRUE">FAIRMARK_1</attalias><attrtype Sync="TRUE">Double</attrtype><attwidth Sync="TRUE">8</attwidth><atprecis Sync="TRUE">0</atprecis><attscale Sync="TRUE">0</attscale></attr><attr><attrlabl Sync="TRUE">FAIRMARK_2</attrlabl><attalias Sync="TRUE">FAIRMARK_2</attalias><attrtype Sync="TRUE">Double</attrtype><attwidth Sync="TRUE">8</attwidth><atprecis Sync="TRUE">0</atprecis><attscale Sync="TRUE">0</attscale></attr><attr><attrlabl Sync="TRUE">MUNDESC</attrlabl><attalias Sync="TRUE">MUNDESC</attalias><attrtype Sync="TRUE">String</attrtype><attwidth Sync="TRUE">50</attwidth><atprecis Sync="TRUE">0</atprecis><attscale Sync="TRUE">0</attscale></attr><attr><attrlabl Sync="TRUE">COUNTYBUIL</attrlabl><attalias Sync="TRUE">COUNTYBUIL</attalias><attrtype Sync="TRUE">Double</attrtype><attwidth Sync="TRUE">8</attwidth><atprecis Sync="TRUE">0</atprecis><attscale Sync="TRUE">0</attscale></attr><attr><attrlabl Sync="TRUE">EXEMPTAMOU</attrlabl><attalias Sync="TRUE">EXEMPTAMOU</attalias><attrtype Sync="TRUE">Double</attrtype><attwidth Sync="TRUE">8</attwidth><atprecis Sync="TRUE">0</atprecis><attscale Sync="TRUE">0</attscale></attr><attr><attrlabl Sync="TRUE">PRIORMARKE</attrlabl><attalias Sync="TRUE">PRIORMARKE</attalias><attrtype Sync="TRUE">Double</attrtype><attwidth Sync="TRUE">8</attwidth><atprecis Sync="TRUE">0</atprecis><attscale Sync="TRUE">0</attscale></attr><attr><attrlabl Sync="TRUE">SCHOOLCODE</attrlabl><attalias Sync="TRUE">SCHOOLCODE</attalias><attrtype Sync="TRUE">String</attrtype><attwidth Sync="TRUE">5</attwidth><atprecis Sync="TRUE">0</atprecis><attscale Sync="TRUE">0</attscale></attr><attr><attrlabl Sync="TRUE">SCHOOLDESC</attrlabl><attalias Sync="TRUE">SCHOOLDESC</attalias><attrtype Sync="TRUE">String</attrtype><attwidth Sync="TRUE">50</attwidth><atprecis Sync="TRUE">0</atprecis><attscale Sync="TRUE">0</attscale></attr><attr><attrlabl Sync="TRUE">NEIGHCODE</attrlabl><attalias Sync="TRUE">NEIGHCODE</attalias><attrtype Sync="TRUE">String</attrtype><attwidth Sync="TRUE">8</attwidth><atprecis Sync="TRUE">0</atprecis><attscale Sync="TRUE">0</attscale></attr><attr><attrlabl Sync="TRUE">TAXCODE</attrlabl><attalias Sync="TRUE">TAXCODE</attalias><attrtype Sync="TRUE">String</attrtype><attwidth Sync="TRUE">1</attwidth><atprecis Sync="TRUE">0</atprecis><attscale Sync="TRUE">0</attscale></attr><attr><attrlabl Sync="TRUE">TAXDESC</attrlabl><attalias Sync="TRUE">TAXDESC</attalias><attrtype Sync="TRUE">String</attrtype><attwidth Sync="TRUE">50</attwidth><atprecis Sync="TRUE">0</atprecis><attscale Sync="TRUE">0</attscale></attr><attr><attrlabl Sync="TRUE">OWNERCODE</attrlabl><attalias Sync="TRUE">OWNERCODE</attalias><attrtype Sync="TRUE">String</attrtype><attwidth Sync="TRUE">3</attwidth><atprecis Sync="TRUE">0</atprecis><attscale Sync="TRUE">0</attscale></attr><attr><attrlabl Sync="TRUE">OWNERDESC</attrlabl><attalias Sync="TRUE">OWNERDESC</attalias><attrtype Sync="TRUE">String</attrtype><attwidth Sync="TRUE">50</attwidth><atprecis Sync="TRUE">0</atprecis><attscale Sync="TRUE">0</attscale></attr><attr><attrlabl Sync="TRUE">STATECODE</attrlabl><attalias Sync="TRUE">STATECODE</attalias><attrtype Sync="TRUE">String</attrtype><attwidth Sync="TRUE">2</attwidth><atprecis Sync="TRUE">0</atprecis><attscale Sync="TRUE">0</attscale></attr><attr><attrlabl Sync="TRUE">STATEDESC</attrlabl><attalias Sync="TRUE">STATEDESC</attalias><attrtype Sync="TRUE">String</attrtype><attwidth Sync="TRUE">50</attwidth><atprecis Sync="TRUE">0</atprecis><attscale Sync="TRUE">0</attscale></attr><attr><attrlabl Sync="TRUE">USECODE</attrlabl><attalias Sync="TRUE">USECODE</attalias><attrtype Sync="TRUE">String</attrtype><attwidth Sync="TRUE">4</attwidth><atprecis Sync="TRUE">0</atprecis><attscale Sync="TRUE">0</attscale></attr><attr><attrlabl Sync="TRUE">USEDESC</attrlabl><attalias Sync="TRUE">USEDESC</attalias><attrtype Sync="TRUE">String</attrtype><attwidth Sync="TRUE">50</attwidth><atprecis Sync="TRUE">0</atprecis><attscale Sync="TRUE">0</attscale></attr><attr><attrlabl Sync="TRUE">AGENTNAME</attrlabl><attalias Sync="TRUE">AGENTNAME</attalias><attrtype Sync="TRUE">String</attrtype><attwidth Sync="TRUE">80</attwidth><atprecis Sync="TRUE">0</atprecis><attscale Sync="TRUE">0</attscale></attr><attr><attrlabl Sync="TRUE">CHANGENOTI</attrlabl><attalias Sync="TRUE">CHANGENOTI</attalias><attrtype Sync="TRUE">String</attrtype><attwidth Sync="TRUE">80</attwidth><atprecis Sync="TRUE">0</atprecis><attscale Sync="TRUE">0</attscale></attr><attr><attrlabl Sync="TRUE">CHANGENO_1</attrlabl><attalias Sync="TRUE">CHANGENO_1</attalias><attrtype Sync="TRUE">String</attrtype><attwidth Sync="TRUE">80</attwidth><atprecis Sync="TRUE">0</atprecis><attscale Sync="TRUE">0</attscale></attr><attr><attrlabl Sync="TRUE">CHANGENO_2</attrlabl><attalias Sync="TRUE">CHANGENO_2</attalias><attrtype Sync="TRUE">String</attrtype><attwidth Sync="TRUE">80</attwidth><atprecis Sync="TRUE">0</atprecis><attscale Sync="TRUE">0</attscale></attr><attr><attrlabl Sync="TRUE">CHANGENO_3</attrlabl><attalias Sync="TRUE">CHANGENO_3</attalias><attrtype Sync="TRUE">String</attrtype><attwidth Sync="TRUE">80</attwidth><atprecis Sync="TRUE">0</atprecis><attscale Sync="TRUE">0</attscale></attr><attr><attrlabl Sync="TRUE">SALEDATE</attrlabl><attalias Sync="TRUE">SALEDATE</attalias><attrtype Sync="TRUE">Date</attrtype><attwidth Sync="TRUE">8</attwidth><atprecis Sync="TRUE">0</atprecis><attscale Sync="TRUE">0</attscale></attr><attr><attrlabl Sync="TRUE">SERVICECOD</attrlabl><attalias Sync="TRUE">SERVICECOD</attalias><attrtype Sync="TRUE">String</attrtype><attwidth Sync="TRUE">20</attwidth><atprecis Sync="TRUE">0</atprecis><attscale Sync="TRUE">0</attscale></attr><attr><attrlabl Sync="TRUE">TAXBILLFUL</attrlabl><attalias Sync="TRUE">TAXBILLFUL</attalias><attrtype Sync="TRUE">String</attrtype><attwidth Sync="TRUE">80</attwidth><atprecis Sync="TRUE">0</atprecis><attscale Sync="TRUE">0</attscale></attr><attr><attrlabl Sync="TRUE">TAXBILLF_1</attrlabl><attalias Sync="TRUE">TAXBILLF_1</attalias><attrtype Sync="TRUE">String</attrtype><attwidth Sync="TRUE">80</attwidth><atprecis Sync="TRUE">0</atprecis><attscale Sync="TRUE">0</attscale></attr><attr><attrlabl Sync="TRUE">TAXBILLF_2</attrlabl><attalias Sync="TRUE">TAXBILLF_2</attalias><attrtype Sync="TRUE">String</attrtype><attwidth Sync="TRUE">80</attwidth><atprecis Sync="TRUE">0</atprecis><attscale Sync="TRUE">0</attscale></attr><attr><attrlabl Sync="TRUE">TAXBILLF_3</attrlabl><attalias Sync="TRUE">TAXBILLF_3</attalias><attrtype Sync="TRUE">String</attrtype><attwidth Sync="TRUE">80</attwidth><atprecis Sync="TRUE">0</atprecis><attscale Sync="TRUE">0</attscale></attr><attr><attrlabl Sync="TRUE">SALEPRICE</attrlabl><attalias Sync="TRUE">SALEPRICE</attalias><attrtype Sync="TRUE">Double</attrtype><attwidth Sync="TRUE">8</attwidth><atprecis Sync="TRUE">0</atprecis><attscale Sync="TRUE">0</attscale></attr><attr><attrlabl Sync="TRUE">DEEDBOOK</attrlabl><attalias Sync="TRUE">DEEDBOOK</attalias><attrtype Sync="TRUE">String</attrtype><attwidth Sync="TRUE">8</attwidth><atprecis Sync="TRUE">0</atprecis><attscale Sync="TRUE">0</attscale></attr><attr><attrlabl Sync="TRUE">DEEDPAGE</attrlabl><attalias Sync="TRUE">DEEDPAGE</attalias><attrtype Sync="TRUE">String</attrtype><attwidth Sync="TRUE">8</attwidth><atprecis Sync="TRUE">0</atprecis><attscale Sync="TRUE">0</attscale></attr><attr><attrlabl Sync="TRUE">SALECODE</attrlabl><attalias Sync="TRUE">SALECODE</attalias><attrtype Sync="TRUE">String</attrtype><attwidth Sync="TRUE">2</attwidth><atprecis Sync="TRUE">0</atprecis><attscale Sync="TRUE">0</attscale></attr><attr><attrlabl Sync="TRUE">SALEDESC</attrlabl><attalias Sync="TRUE">SALEDESC</attalias><attrtype Sync="TRUE">String</attrtype><attwidth Sync="TRUE">50</attwidth><atprecis Sync="TRUE">0</atprecis><attscale Sync="TRUE">0</attscale></attr><attr><attrlabl Sync="TRUE">LANDTYPE</attrlabl><attalias Sync="TRUE">LANDTYPE</attalias><attrtype Sync="TRUE">String</attrtype><attwidth Sync="TRUE">1</attwidth><atprecis Sync="TRUE">0</atprecis><attscale Sync="TRUE">0</attscale></attr><attr><attrlabl Sync="TRUE">HOMESTEADF</attrlabl><attalias Sync="TRUE">HOMESTEADF</attalias><attrtype Sync="TRUE">String</attrtype><attwidth Sync="TRUE">6</attwidth><atprecis Sync="TRUE">0</atprecis><attscale Sync="TRUE">0</attscale></attr><attr><attrlabl Sync="TRUE">FARMSTEADF</attrlabl><attalias Sync="TRUE">FARMSTEADF</attalias><attrtype Sync="TRUE">String</attrtype><attwidth Sync="TRUE">6</attwidth><atprecis Sync="TRUE">0</atprecis><attscale Sync="TRUE">0</attscale></attr><attr><attrlabl Sync="TRUE">MULTIPLEAB</attrlabl><attalias Sync="TRUE">MULTIPLEAB</attalias><attrtype Sync="TRUE">String</attrtype><attwidth Sync="TRUE">1</attwidth><atprecis Sync="TRUE">0</atprecis><attscale Sync="TRUE">0</attscale></attr><attr><attrlabl Sync="TRUE">ACT77INDIC</attrlabl><attalias Sync="TRUE">ACT77INDIC</attalias><attrtype Sync="TRUE">String</attrtype><attwidth Sync="TRUE">1</attwidth><atprecis Sync="TRUE">0</atprecis><attscale Sync="TRUE">0</attscale></attr><attr><attrlabl Sync="TRUE">LOCALEXEMP</attrlabl><attalias Sync="TRUE">LOCALEXEMP</attalias><attrtype Sync="TRUE">Double</attrtype><attwidth Sync="TRUE">8</attwidth><atprecis Sync="TRUE">0</atprecis><attscale Sync="TRUE">0</attscale></attr><attr><attrlabl Sync="TRUE">LOTAREA</attrlabl><attalias Sync="TRUE">LOTAREA</attalias><attrtype Sync="TRUE">Double</attrtype><attwidth Sync="TRUE">8</attwidth><atprecis Sync="TRUE">0</atprecis><attscale Sync="TRUE">0</attscale></attr><attr><attrlabl Sync="TRUE">SHAPE</attrlabl><attalias Sync="TRUE">Shape</attalias><attrtype Sync="TRUE">Geometry</attrtype><attwidth Sync="TRUE">0</attwidth><atprecis Sync="TRUE">0</atprecis><attscale Sync="TRUE">0</attscale><attrdef Sync="TRUE">Feature geometry.</attrdef><attrdefs Sync="TRUE">ESRI</attrdefs><attrdomv><udom Sync="TRUE">Coordinates defining the features.</udom></attrdomv></attr><attr><attrlabl Sync="TRUE">SHAPE_fid</attrlabl><attalias Sync="TRUE">SHAPE_fid</attalias><attrtype Sync="TRUE">Integer</attrtype><attwidth Sync="TRUE">4</attwidth><atprecis Sync="TRUE">0</atprecis><attscale Sync="TRUE">0</attscale></attr><attr><attrlabl Sync="TRUE">Shape_Leng</attrlabl><attalias Sync="TRUE">Shape_Leng</attalias><attrtype Sync="TRUE">Double</attrtype><attwidth Sync="TRUE">8</attwidth><atprecis Sync="TRUE">0</atprecis><attscale Sync="TRUE">0</attscale></attr><attr><attrlabl Sync="TRUE">Shape_Length</attrlabl><attalias Sync="TRUE">Shape_Length</attalias><attrtype Sync="TRUE">Double</attrtype><attwidth Sync="TRUE">8</attwidth><atprecis Sync="TRUE">0</atprecis><attscale Sync="TRUE">0</attscale><attrdef Sync="TRUE">Length of feature in internal units.</attrdef><attrdefs Sync="TRUE">ESRI</attrdefs><attrdomv><udom Sync="TRUE">Positive real numbers that are automatically generated.</udom></attrdomv></attr><attr><attrlabl Sync="TRUE">Shape_Area</attrlabl><attalias Sync="TRUE">Shape_Area</attalias><attrtype Sync="TRUE">Double</attrtype><attwidth Sync="TRUE">8</attwidth><atprecis Sync="TRUE">0</atprecis><attscale Sync="TRUE">0</attscale><attrdef Sync="TRUE">Area of feature in internal units squared.</attrdef><attrdefs Sync="TRUE">ESRI</attrdefs><attrdomv><udom Sync="TRUE">Positive real numbers that are automatically generated.</udom></attrdomv></attr></detailed></eainfo><mdDateSt Sync="TRUE">20120203</mdDateSt><dataqual><lineage><procstep><procdesc Sync="TRUE">Dataset copied.</procdesc><srcused Sync="TRUE">Server=gissql01; Service=sde:sqlserver:gissql01; Database=assess; Version=sde.DEFAULT</srcused><procdate Sync="TRUE">20120131</procdate><proctime Sync="TRUE">15271700</proctime></procstep></lineage></dataqual></metadata>
